<?xml version="1.0" encoding="UTF-8"?>
<project-private xmlns="http://www.netbeans.org/ns/project-private/1">
    <editor-bookmarks xmlns="http://www.netbeans.org/ns/editor-bookmarks/2" lastBookmarkId="0"/>
    <open-files xmlns="http://www.netbeans.org/ns/projectui-open-files/2">
        <group>
            <file>file:/D:/5100%20assignment/assignment2/src/model/MasterOrderList.java</file>
            <file>file:/D:/5100%20assignment/assignment2/src/ui/SupplierRole/ManageSuppliersJPanel.java</file>
            <file>file:/D:/5100%20assignment/assignment2/src/ui/SearchRole/unAvailableJPanel.java</file>
            <file>file:/D:/5100%20assignment/assignment2/src/ui/SearchRole/AvailableJPanel.java</file>
            <file>file:/D:/5100%20assignment/assignment2/src/ui/SupplierRole/ViewSupplierJPanel.java</file>
            <file>file:/D:/5100%20assignment/assignment2/src/ui/SearchRole/EXPJPanel.java</file>
            <file>file:/D:/5100%20assignment/assignment2/src/ui/SearchRole/SearchCityJPanel.java</file>
            <file>file:/D:/5100%20assignment/assignment2/src/ui/SearchRole/ManageSearchJPanel.java</file>
            <file>file:/D:/5100%20assignment/assignment2/src/ui/SearchRole/SearchYearJPanel.java</file>
            <file>file:/D:/5100%20assignment/assignment2/src/ui/SupplierRole/AddSupplierJPanel.java</file>
            <file>file:/D:/5100%20assignment/assignment2/src/model/SupplierDirectory.java</file>
            <file>file:/D:/5100%20assignment/assignment2/src/ui/MainJFrame.java</file>
            <file>file:/D:/5100%20assignment/assignment2/src/model/Supplier.java</file>
            <file>file:/D:/5100%20assignment/assignment2/src/ui/SearchRole/OneResultJPanel.java</file>
            <file>file:/D:/5100%20assignment/assignment2/src/model/Product.java</file>
            <file>file:/D:/5100%20assignment/assignment2/src/model/ProductCatalog.java</file>
            <file>file:/D:/5100%20assignment/assignment2/src/ui/SearchRole/SearchSeatJPanel.java</file>
            <file>file:/D:/5100%20assignment/assignment2/src/model/OrderItem.java</file>
            <file>file:/D:/5100%20assignment/assignment2/src/ui/AdminRole/ManageCarCatalogJPanel.java</file>
            <file>file:/D:/5100%20assignment/assignment2/src/ui/SearchRole/SearchModelJPanel.java</file>
            <file>file:/D:/5100%20assignment/assignment2/src/ui/SearchRole/FirstAvailJPanel.java</file>
            <file>file:/D:/5100%20assignment/assignment2/src/ui/AdminRole/CreateNewCarJPanel.java</file>
            <file>file:/D:/5100%20assignment/assignment2/src/model/Business.java</file>
            <file>file:/D:/5100%20assignment/assignment2/src/ui/AdminRole/ViewCarDetailJPanel.java</file>
            <file>file:/D:/5100%20assignment/assignment2/src/model/Order.java</file>
        </group>
    </open-files>
</project-private>
