<?xml version="1.0" encoding="UTF-8"?>
<project-private xmlns="http://www.netbeans.org/ns/project-private/1">
    <editor-bookmarks xmlns="http://www.netbeans.org/ns/editor-bookmarks/2" lastBookmarkId="0"/>
    <open-files xmlns="http://www.netbeans.org/ns/projectui-open-files/2">
        <group>
            <file>file:/D:/gitnew/xxxxxx_ceshi/src/ui/Station/EnteringCommandPanel.java</file>
            <file>file:/D:/gitnew/xxxxxx_ceshi/src/api/Role/VIPCustomer.java</file>
            <file>file:/D:/gitnew/xxxxxx_ceshi/src/ui/captain/airCapPanel.java</file>
            <file>file:/D:/gitnew/xxxxxx_ceshi/src/ui/MainJFrame.java</file>
            <file>file:/D:/gitnew/xxxxxx_ceshi/src/ui/RailwayCompany/ShowRouteJPanel.java</file>
            <file>file:/D:/gitnew/xxxxxx_ceshi/src/ui/AirlineCompany/AddPlaneJPanel.java</file>
            <file>file:/D:/gitnew/xxxxxx_ceshi/src/ui/RailwayCompany/RailwayCompanyPanel.java</file>
            <file>file:/D:/gitnew/xxxxxx_ceshi/src/ui/AirlineCompany/UpdatePlaneJPanel.java</file>
            <file>file:/D:/gitnew/xxxxxx_ceshi/src/ui/AirlineCompany/UpdateFlightJPanel.java</file>
            <file>file:/D:/gitnew/xxxxxx_ceshi/src/ui/Customer/ChangeAccountInfo.java</file>
            <file>file:/D:/gitnew/xxxxxx_ceshi/src/ui/CustomerService/Backbutton_3.png</file>
            <file>file:/D:/gitnew/xxxxxx_ceshi/src/ui/captain/AirlineCaptainPanel.java</file>
            <file>file:/D:/gitnew/xxxxxx_ceshi/src/ui/CustomerService/CommentVIPJPanel.java</file>
            <file>file:/D:/gitnew/xxxxxx_ceshi/src/ui/AirlineCompany/Backbutton_3.png</file>
            <file>file:/D:/gitnew/xxxxxx_ceshi/src/ui/Station/EnteringPanel.java</file>
            <file>file:/D:/gitnew/xxxxxx_ceshi/src/ui/captain/TrainCaptainPanel.java</file>
            <file>file:/D:/gitnew/xxxxxx_ceshi/src/ui/RailwayCompany/ShowTrainJPanel.java</file>
            <file>file:/D:/gitnew/xxxxxx_ceshi/src/ui/AirlineCompany/AddFlightJPanel.java</file>
            <file>file:/D:/gitnew/xxxxxx_ceshi/src/api/ConfigureASystem.java</file>
            <file>file:/D:/gitnew/xxxxxx_ceshi/src/ui/Airport/LandingCommandPanel.java</file>
            <file>file:/D:/gitnew/xxxxxx_ceshi/src/ui/CustomerService/VIPCustomerServicePanel.java</file>
            <file>file:/D:/gitnew/xxxxxx_ceshi/src/ui/CustomerService/FlightRequestJPanel.java</file>
            <file>file:/D:/gitnew/xxxxxx_ceshi/src/ui/RailwayCompany/AddTrainJPanel.java</file>
            <file>file:/D:/gitnew/xxxxxx_ceshi/src/ui/AirlineCompany/ShowFlightJPanel.java</file>
            <file>file:/D:/gitnew/xxxxxx_ceshi/src/ui/admin/AdminPanel.java</file>
            <file>file:/D:/gitnew/xxxxxx_ceshi/src/ui/RailwayCompany/UpdateTrainJPanel.java</file>
            <file>file:/D:/gitnew/xxxxxx_ceshi/src/ui/CustomerService/DetailTrainCustomerJPanel.java</file>
            <file>file:/D:/gitnew/xxxxxx_ceshi/src/ui/AirlineCompany/AirlineCompanyPanel.java</file>
            <file>file:/D:/gitnew/xxxxxx_ceshi/src/ui/Airport/LandingPanel.java</file>
            <file>file:/D:/gitnew/xxxxxx_ceshi/src/ui/CustomerService/CustomerServicePanel.java</file>
            <file>file:/D:/gitnew/xxxxxx_ceshi/src/api/Role/StationControl.java</file>
            <file>file:/D:/gitnew/xxxxxx_ceshi/src/ui/AirlineCompany/ShowPlaneJPanel.java</file>
            <file>file:/D:/gitnew/xxxxxx_ceshi/src/ui/Station/StationPanel.java</file>
            <file>file:/D:/gitnew/xxxxxx_ceshi/src/api/Role/TrainCaptain.java</file>
            <file>file:/D:/gitnew/xxxxxx_ceshi/src/api/request/TrainLine.java</file>
            <file>file:/D:/gitnew/xxxxxx_ceshi/src/ui/RailwayCompany/AddRouteJPanel.java</file>
            <file>file:/D:/gitnew/xxxxxx_ceshi/src/api/TravelSystem.java</file>
            <file>file:/D:/gitnew/xxxxxx_ceshi/src/api/request/Entering.java</file>
            <file>file:/D:/gitnew/xxxxxx_ceshi/src/ui/AirlineCompany/tree.png</file>
            <file>file:/D:/gitnew/xxxxxx_ceshi/src/ui/RailwayCompany/UpdateRouteJPanel.java</file>
            <file>file:/D:/gitnew/xxxxxx_ceshi/src/api/Role/AirCaptain.java</file>
            <file>file:/D:/gitnew/xxxxxx_ceshi/src/ui/CustomerService/TrainRequestJPanel.java</file>
            <file>file:/D:/gitnew/xxxxxx_ceshi/src/api/request/request.java</file>
            <file>file:/D:/gitnew/xxxxxx_ceshi/src/ui/Airport/AirportPanel.java</file>
            <file>file:/D:/gitnew/xxxxxx_ceshi/src/ui/captain/TraCapPanel.java</file>
            <file>file:/D:/gitnew/xxxxxx_ceshi/src/api/request/Landing.java</file>
            <file>file:/D:/gitnew/xxxxxx_ceshi/src/api/Role/AirlineComManager.java</file>
            <file>file:/D:/gitnew/xxxxxx_ceshi/src/api/Role/AirportControl.java</file>
            <file>file:/D:/gitnew/xxxxxx_ceshi/src/ui/RailwayCompany/Backbutton_3.png</file>
            <file>file:/D:/gitnew/xxxxxx_ceshi/src/ui/CustomerService/DetailAirCustomerJPanel.java</file>
        </group>
    </open-files>
</project-private>
