<?xml version="1.0" encoding="UTF-8"?>
<project-private xmlns="http://www.netbeans.org/ns/project-private/1">
    <editor-bookmarks xmlns="http://www.netbeans.org/ns/editor-bookmarks/2" lastBookmarkId="0"/>
    <open-files xmlns="http://www.netbeans.org/ns/projectui-open-files/2">
        <group>
            <file>file:/C:/Users/Lynn%20Wei/Desktop/Lab_6_1/src/ui/RestaurantRole/ManageMenuJPanel.java</file>
            <file>file:/C:/Users/Lynn%20Wei/Desktop/Lab_6_1/src/business/Person/Person.java</file>
            <file>file:/C:/Users/Lynn%20Wei/Desktop/Lab_6_1/src/ui/CustomerRole/OrderMealJPanel.java</file>
            <file>file:/C:/Users/Lynn%20Wei/Desktop/Lab_6_1/src/ui/CustomerRole/CustomerAreaJPanel.java</file>
            <file>file:/C:/Users/Lynn%20Wei/Desktop/Lab_6_1/src/business/Organization/OrganizationDirectory.java</file>
            <file>file:/C:/Users/Lynn%20Wei/Desktop/Lab_6_1/src/business/WorkQueue/WorkQueue.java</file>
            <file>file:/C:/Users/Lynn%20Wei/Desktop/Lab_6_1/src/business/Role/Role.java</file>
            <file>file:/C:/Users/Lynn%20Wei/Desktop/Lab_6_1/src/business/UserAccount/UserAccount.java</file>
            <file>file:/C:/Users/Lynn%20Wei/Desktop/Lab_6_1/src/business/Restaurant/RestaurantDirectory.java</file>
            <file>file:/C:/Users/Lynn%20Wei/Desktop/Lab_6_1/src/business/Customer/CustomerDirectory.java</file>
            <file>file:/C:/Users/Lynn%20Wei/Desktop/Lab_6_1/src/business/Organization/CustomerOrganization.java</file>
            <file>file:/C:/Users/Lynn%20Wei/Desktop/Lab_6_1/src/business/Role/RestaurantRole.java</file>
            <file>file:/C:/Users/Lynn%20Wei/Desktop/Lab_6_1/src/ui/SystemAdminWorkArea/SystemAdminWorkAreaJPanel.java</file>
            <file>file:/C:/Users/Lynn%20Wei/Desktop/Lab_6_1/src/ui/SystemAdminWorkArea/ManageCustomersJPanel.java</file>
            <file>file:/C:/Users/Lynn%20Wei/Desktop/Lab_6_1/src/ui/RestaurantRole/ManageInfoJPanel.java</file>
            <file>file:/C:/Users/Lynn%20Wei/Desktop/Lab_6_1/src/business/Business.java</file>
            <file>file:/C:/Users/Lynn%20Wei/Desktop/Lab_6_1/src/business/Role/AdminRole.java</file>
            <file>file:/C:/Users/Lynn%20Wei/Desktop/Lab_6_1/src/business/Role/DeliveryManRole.java</file>
            <file>file:/C:/Users/Lynn%20Wei/Desktop/Lab_6_1/src/business/DeliveryMan/DeliveryManDirectory.java</file>
            <file>file:/C:/Users/Lynn%20Wei/Desktop/Lab_6_1/src/ui/CustomerRole/CommentWriteJPanel.java</file>
            <file>file:/C:/Users/Lynn%20Wei/Desktop/Lab_6_1/src/business/WorkQueue/WorkRequest.java</file>
            <file>file:/C:/Users/Lynn%20Wei/Desktop/Lab_6_1/src/business/Role/CustomerRole.java</file>
            <file>file:/C:/Users/Lynn%20Wei/Desktop/Lab_6_1/src/ui/MainScreen.java</file>
            <file>file:/C:/Users/Lynn%20Wei/Desktop/Lab_6_1/src/business/Customer/Customer.java</file>
            <file>file:/C:/Users/Lynn%20Wei/Desktop/Lab_6_1/src/business/Organization/RestaurantOrganization.java</file>
            <file>file:/C:/Users/Lynn%20Wei/Desktop/Lab_6_1/src/business/Person/PersonDirectory.java</file>
            <file>file:/C:/Users/Lynn%20Wei/Desktop/Lab_6_1/src/business/UserAccount/UserAccountDirectory.java</file>
            <file>file:/C:/Users/Lynn%20Wei/Desktop/Lab_6_1/src/business/DB4OUtil/DB4OUtil.java</file>
            <file>file:/C:/Users/Lynn%20Wei/Desktop/Lab_6_1/src/business/Restaurant/Restaurant.java</file>
            <file>file:/C:/Users/Lynn%20Wei/Desktop/Lab_6_1/src/business/DeliveryMan/DeliveryMan.java</file>
            <file>file:/C:/Users/Lynn%20Wei/Desktop/Lab_6_1/src/business/Organization/Organization.java</file>
            <file>file:/C:/Users/Lynn%20Wei/Desktop/Lab_6_1/src/business/Organization/AdminOrganization.java</file>
            <file>file:/C:/Users/Lynn%20Wei/Desktop/Lab_6_1/src/ui/MainJFrame.java</file>
            <file>file:/C:/Users/Lynn%20Wei/Desktop/Lab_6_1/src/business/ConfigureABusiness.java</file>
            <file>file:/C:/Users/Lynn%20Wei/Desktop/Lab_6_1/src/ui/RestaurantRole/ResaurantWorkAreaJPanel.java</file>
            <file>file:/C:/Users/Lynn%20Wei/Desktop/Lab_6_1/src/business/Organization/DeliveryManOrganization.java</file>
            <file>file:/C:/Users/Lynn%20Wei/Desktop/Lab_6_1/src/ui/SystemAdminWorkArea/ManageDeliverymenJPanel.java</file>
            <file>file:/C:/Users/Lynn%20Wei/Desktop/Lab_6_1/src/ui/LoginScreen.java</file>
            <file>file:/C:/Users/Lynn%20Wei/Desktop/Lab_6_1/src/ui/RestaurantRole/ManageOrderJPanel.java</file>
            <file>file:/C:/Users/Lynn%20Wei/Desktop/Lab_6_1/src/ui/SystemAdminWorkArea/ManageRestaurantJPanel.java</file>
            <file>file:/C:/Users/Lynn%20Wei/Desktop/Lab_6_1/src/ui/DeliveryManRole/DeliveryManWorkAreaJPanel.java</file>
        </group>
    </open-files>
</project-private>
